outer_fold,replicate_id,replicate_seed,subset_size,participant_id,subset_position,inner_fold
0,0,17,6,DS_10,1,0
0,0,17,6,DS_240,2,1
0,0,17,6,DS_246,3,2
0,0,17,6,DS_58,4,0
0,0,17,6,DS_138,5,1
0,0,17,6,DS_37,6,2
0,0,17,9,DS_10,1,0
0,0,17,9,DS_240,2,1
0,0,17,9,DS_246,3,2
0,0,17,9,DS_58,4,0
0,0,17,9,DS_138,5,1
0,0,17,9,DS_37,6,2
0,0,17,9,DS_87,7,0
0,0,17,9,DS_48,8,1
0,0,17,9,DS_42,9,2
0,0,17,12,DS_10,1,0
0,0,17,12,DS_240,2,1
0,0,17,12,DS_246,3,2
0,0,17,12,DS_58,4,0
0,0,17,12,DS_138,5,1
0,0,17,12,DS_37,6,2
0,0,17,12,DS_87,7,0
0,0,17,12,DS_48,8,1
0,0,17,12,DS_42,9,2
0,0,17,12,DS_39,10,0
0,0,17,12,DS_140,11,1
0,0,17,12,DS_239,12,2
0,0,17,15,DS_10,1,0
0,0,17,15,DS_240,2,1
0,0,17,15,DS_246,3,2
0,0,17,15,DS_58,4,0
0,0,17,15,DS_138,5,1
0,0,17,15,DS_37,6,2
0,0,17,15,DS_87,7,0
0,0,17,15,DS_48,8,1
0,0,17,15,DS_42,9,2
0,0,17,15,DS_39,10,0
0,0,17,15,DS_140,11,1
0,0,17,15,DS_239,12,2
0,0,17,15,DS_49,13,0
0,0,17,15,DS_36,14,1
0,0,17,15,DS_51,15,2
0,0,17,18,DS_10,1,0
0,0,17,18,DS_240,2,1
0,0,17,18,DS_246,3,2
0,0,17,18,DS_58,4,0
0,0,17,18,DS_138,5,1
0,0,17,18,DS_37,6,2
0,0,17,18,DS_87,7,0
0,0,17,18,DS_48,8,1
0,0,17,18,DS_42,9,2
0,0,17,18,DS_39,10,0
0,0,17,18,DS_140,11,1
0,0,17,18,DS_239,12,2
0,0,17,18,DS_49,13,0
0,0,17,18,DS_36,14,1
0,0,17,18,DS_51,15,2
0,0,17,18,DS_59,16,0
0,0,17,18,DS_38,17,1
0,0,17,18,DS_139,18,2
0,1,42,6,DS_59,1,0
0,1,42,6,DS_239,2,1
0,1,42,6,DS_51,3,2
0,1,42,6,DS_36,4,0
0,1,42,6,DS_10,5,1
0,1,42,6,DS_39,6,2
0,1,42,9,DS_59,1,0
0,1,42,9,DS_239,2,1
0,1,42,9,DS_51,3,2
0,1,42,9,DS_36,4,0
0,1,42,9,DS_10,5,1
0,1,42,9,DS_39,6,2
0,1,42,9,DS_48,7,0
0,1,42,9,DS_37,8,1
0,1,42,9,DS_139,9,2
0,1,42,12,DS_59,1,0
0,1,42,12,DS_239,2,1
0,1,42,12,DS_51,3,2
0,1,42,12,DS_36,4,0
0,1,42,12,DS_10,5,1
0,1,42,12,DS_39,6,2
0,1,42,12,DS_48,7,0
0,1,42,12,DS_37,8,1
0,1,42,12,DS_139,9,2
0,1,42,12,DS_240,10,0
0,1,42,12,DS_87,11,1
0,1,42,12,DS_49,12,2
0,1,42,15,DS_59,1,0
0,1,42,15,DS_239,2,1
0,1,42,15,DS_51,3,2
0,1,42,15,DS_36,4,0
0,1,42,15,DS_10,5,1
0,1,42,15,DS_39,6,2
0,1,42,15,DS_48,7,0
0,1,42,15,DS_37,8,1
0,1,42,15,DS_139,9,2
0,1,42,15,DS_240,10,0
0,1,42,15,DS_87,11,1
0,1,42,15,DS_49,12,2
0,1,42,15,DS_42,13,0
0,1,42,15,DS_58,14,1
0,1,42,15,DS_246,15,2
0,1,42,18,DS_59,1,0
0,1,42,18,DS_239,2,1
0,1,42,18,DS_51,3,2
0,1,42,18,DS_36,4,0
0,1,42,18,DS_10,5,1
0,1,42,18,DS_39,6,2
0,1,42,18,DS_48,7,0
0,1,42,18,DS_37,8,1
0,1,42,18,DS_139,9,2
0,1,42,18,DS_240,10,0
0,1,42,18,DS_87,11,1
0,1,42,18,DS_49,12,2
0,1,42,18,DS_42,13,0
0,1,42,18,DS_58,14,1
0,1,42,18,DS_246,15,2
0,1,42,18,DS_38,16,0
0,1,42,18,DS_140,17,1
0,1,42,18,DS_138,18,2
0,2,73,6,DS_48,1,0
0,2,73,6,DS_10,2,1
0,2,73,6,DS_36,3,2
0,2,73,6,DS_51,4,0
0,2,73,6,DS_239,5,1
0,2,73,6,DS_49,6,2
0,2,73,9,DS_48,1,0
0,2,73,9,DS_10,2,1
0,2,73,9,DS_36,3,2
0,2,73,9,DS_51,4,0
0,2,73,9,DS_239,5,1
0,2,73,9,DS_49,6,2
0,2,73,9,DS_246,7,0
0,2,73,9,DS_139,8,1
0,2,73,9,DS_42,9,2
0,2,73,12,DS_48,1,0
0,2,73,12,DS_10,2,1
0,2,73,12,DS_36,3,2
0,2,73,12,DS_51,4,0
0,2,73,12,DS_239,5,1
0,2,73,12,DS_49,6,2
0,2,73,12,DS_246,7,0
0,2,73,12,DS_139,8,1
0,2,73,12,DS_42,9,2
0,2,73,12,DS_138,10,0
0,2,73,12,DS_87,11,1
0,2,73,12,DS_240,12,2
0,2,73,15,DS_48,1,0
0,2,73,15,DS_10,2,1
0,2,73,15,DS_36,3,2
0,2,73,15,DS_51,4,0
0,2,73,15,DS_239,5,1
0,2,73,15,DS_49,6,2
0,2,73,15,DS_246,7,0
0,2,73,15,DS_139,8,1
0,2,73,15,DS_42,9,2
0,2,73,15,DS_138,10,0
0,2,73,15,DS_87,11,1
0,2,73,15,DS_240,12,2
0,2,73,15,DS_39,13,0
0,2,73,15,DS_37,14,1
0,2,73,15,DS_59,15,2
0,2,73,18,DS_48,1,0
0,2,73,18,DS_10,2,1
0,2,73,18,DS_36,3,2
0,2,73,18,DS_51,4,0
0,2,73,18,DS_239,5,1
0,2,73,18,DS_49,6,2
0,2,73,18,DS_246,7,0
0,2,73,18,DS_139,8,1
0,2,73,18,DS_42,9,2
0,2,73,18,DS_138,10,0
0,2,73,18,DS_87,11,1
0,2,73,18,DS_240,12,2
0,2,73,18,DS_39,13,0
0,2,73,18,DS_37,14,1
0,2,73,18,DS_59,15,2
0,2,73,18,DS_140,16,0
0,2,73,18,DS_38,17,1
0,2,73,18,DS_58,18,2
1,0,17,6,DS_44,1,0
1,0,17,6,DS_37,2,1
1,0,17,6,DS_48,3,2
1,0,17,6,DS_49,4,0
1,0,17,6,DS_139,5,1
1,0,17,6,DS_38,6,2
1,0,17,9,DS_44,1,0
1,0,17,9,DS_37,2,1
1,0,17,9,DS_48,3,2
1,0,17,9,DS_49,4,0
1,0,17,9,DS_139,5,1
1,0,17,9,DS_38,6,2
1,0,17,9,DS_239,7,0
1,0,17,9,DS_87,8,1
1,0,17,9,DS_39,9,2
1,0,17,12,DS_44,1,0
1,0,17,12,DS_37,2,1
1,0,17,12,DS_48,3,2
1,0,17,12,DS_49,4,0
1,0,17,12,DS_139,5,1
1,0,17,12,DS_38,6,2
1,0,17,12,DS_239,7,0
1,0,17,12,DS_87,8,1
1,0,17,12,DS_39,9,2
1,0,17,12,DS_235,10,0
1,0,17,12,DS_10,11,1
1,0,17,12,DS_240,12,2
1,0,17,15,DS_44,1,0
1,0,17,15,DS_37,2,1
1,0,17,15,DS_48,3,2
1,0,17,15,DS_49,4,0
1,0,17,15,DS_139,5,1
1,0,17,15,DS_38,6,2
1,0,17,15,DS_239,7,0
1,0,17,15,DS_87,8,1
1,0,17,15,DS_39,9,2
1,0,17,15,DS_235,10,0
1,0,17,15,DS_10,11,1
1,0,17,15,DS_240,12,2
1,0,17,15,DS_138,13,0
1,0,17,15,DS_246,14,1
1,0,17,15,DS_36,15,2
1,0,17,18,DS_44,1,0
1,0,17,18,DS_37,2,1
1,0,17,18,DS_48,3,2
1,0,17,18,DS_49,4,0
1,0,17,18,DS_139,5,1
1,0,17,18,DS_38,6,2
1,0,17,18,DS_239,7,0
1,0,17,18,DS_87,8,1
1,0,17,18,DS_39,9,2
1,0,17,18,DS_235,10,0
1,0,17,18,DS_10,11,1
1,0,17,18,DS_240,12,2
1,0,17,18,DS_138,13,0
1,0,17,18,DS_246,14,1
1,0,17,18,DS_36,15,2
1,0,17,18,DS_140,16,0
1,0,17,18,DS_42,17,1
1,0,17,18,DS_59,18,2
1,1,42,6,DS_140,1,0
1,1,42,6,DS_36,2,1
1,1,42,6,DS_235,3,2
1,1,42,6,DS_49,4,0
1,1,42,6,DS_87,5,1
1,1,42,6,DS_240,6,2
1,1,42,9,DS_140,1,0
1,1,42,9,DS_36,2,1
1,1,42,9,DS_235,3,2
1,1,42,9,DS_49,4,0
1,1,42,9,DS_87,5,1
1,1,42,9,DS_240,6,2
1,1,42,9,DS_44,7,0
1,1,42,9,DS_42,8,1
1,1,42,9,DS_246,9,2
1,1,42,12,DS_140,1,0
1,1,42,12,DS_36,2,1
1,1,42,12,DS_235,3,2
1,1,42,12,DS_49,4,0
1,1,42,12,DS_87,5,1
1,1,42,12,DS_240,6,2
1,1,42,12,DS_44,7,0
1,1,42,12,DS_42,8,1
1,1,42,12,DS_246,9,2
1,1,42,12,DS_38,10,0
1,1,42,12,DS_59,11,1
1,1,42,12,DS_138,12,2
1,1,42,15,DS_140,1,0
1,1,42,15,DS_36,2,1
1,1,42,15,DS_235,3,2
1,1,42,15,DS_49,4,0
1,1,42,15,DS_87,5,1
1,1,42,15,DS_240,6,2
1,1,42,15,DS_44,7,0
1,1,42,15,DS_42,8,1
1,1,42,15,DS_246,9,2
1,1,42,15,DS_38,10,0
1,1,42,15,DS_59,11,1
1,1,42,15,DS_138,12,2
1,1,42,15,DS_239,13,0
1,1,42,15,DS_10,14,1
1,1,42,15,DS_39,15,2
1,1,42,18,DS_140,1,0
1,1,42,18,DS_36,2,1
1,1,42,18,DS_235,3,2
1,1,42,18,DS_49,4,0
1,1,42,18,DS_87,5,1
1,1,42,18,DS_240,6,2
1,1,42,18,DS_44,7,0
1,1,42,18,DS_42,8,1
1,1,42,18,DS_246,9,2
1,1,42,18,DS_38,10,0
1,1,42,18,DS_59,11,1
1,1,42,18,DS_138,12,2
1,1,42,18,DS_239,13,0
1,1,42,18,DS_10,14,1
1,1,42,18,DS_39,15,2
1,1,42,18,DS_37,16,0
1,1,42,18,DS_139,17,1
1,1,42,18,DS_48,18,2
1,2,73,6,DS_37,1,0
1,2,73,6,DS_38,2,1
1,2,73,6,DS_48,3,2
1,2,73,6,DS_44,4,0
1,2,73,6,DS_87,5,1
1,2,73,6,DS_138,6,2
1,2,73,9,DS_37,1,0
1,2,73,9,DS_38,2,1
1,2,73,9,DS_48,3,2
1,2,73,9,DS_44,4,0
1,2,73,9,DS_87,5,1
1,2,73,9,DS_138,6,2
1,2,73,9,DS_36,7,0
1,2,73,9,DS_10,8,1
1,2,73,9,DS_235,9,2
1,2,73,12,DS_37,1,0
1,2,73,12,DS_38,2,1
1,2,73,12,DS_48,3,2
1,2,73,12,DS_44,4,0
1,2,73,12,DS_87,5,1
1,2,73,12,DS_138,6,2
1,2,73,12,DS_36,7,0
1,2,73,12,DS_10,8,1
1,2,73,12,DS_235,9,2
1,2,73,12,DS_139,10,0
1,2,73,12,DS_42,11,1
1,2,73,12,DS_49,12,2
1,2,73,15,DS_37,1,0
1,2,73,15,DS_38,2,1
1,2,73,15,DS_48,3,2
1,2,73,15,DS_44,4,0
1,2,73,15,DS_87,5,1
1,2,73,15,DS_138,6,2
1,2,73,15,DS_36,7,0
1,2,73,15,DS_10,8,1
1,2,73,15,DS_235,9,2
1,2,73,15,DS_139,10,0
1,2,73,15,DS_42,11,1
1,2,73,15,DS_49,12,2
1,2,73,15,DS_239,13,0
1,2,73,15,DS_246,14,1
1,2,73,15,DS_140,15,2
1,2,73,18,DS_37,1,0
1,2,73,18,DS_38,2,1
1,2,73,18,DS_48,3,2
1,2,73,18,DS_44,4,0
1,2,73,18,DS_87,5,1
1,2,73,18,DS_138,6,2
1,2,73,18,DS_36,7,0
1,2,73,18,DS_10,8,1
1,2,73,18,DS_235,9,2
1,2,73,18,DS_139,10,0
1,2,73,18,DS_42,11,1
1,2,73,18,DS_49,12,2
1,2,73,18,DS_239,13,0
1,2,73,18,DS_246,14,1
1,2,73,18,DS_140,15,2
1,2,73,18,DS_240,16,0
1,2,73,18,DS_39,17,1
1,2,73,18,DS_59,18,2
2,0,17,6,DS_139,1,0
2,0,17,6,DS_140,2,1
2,0,17,6,DS_37,3,2
2,0,17,6,DS_38,4,0
2,0,17,6,DS_36,5,1
2,0,17,6,DS_39,6,2
2,0,17,9,DS_139,1,0
2,0,17,9,DS_140,2,1
2,0,17,9,DS_37,3,2
2,0,17,9,DS_38,4,0
2,0,17,9,DS_36,5,1
2,0,17,9,DS_39,6,2
2,0,17,9,DS_235,7,0
2,0,17,9,DS_42,8,1
2,0,17,9,DS_240,9,2
2,0,17,12,DS_139,1,0
2,0,17,12,DS_140,2,1
2,0,17,12,DS_37,3,2
2,0,17,12,DS_38,4,0
2,0,17,12,DS_36,5,1
2,0,17,12,DS_39,6,2
2,0,17,12,DS_235,7,0
2,0,17,12,DS_42,8,1
2,0,17,12,DS_240,9,2
2,0,17,12,DS_246,10,0
2,0,17,12,DS_48,11,1
2,0,17,12,DS_58,12,2
2,0,17,15,DS_139,1,0
2,0,17,15,DS_140,2,1
2,0,17,15,DS_37,3,2
2,0,17,15,DS_38,4,0
2,0,17,15,DS_36,5,1
2,0,17,15,DS_39,6,2
2,0,17,15,DS_235,7,0
2,0,17,15,DS_42,8,1
2,0,17,15,DS_240,9,2
2,0,17,15,DS_246,10,0
2,0,17,15,DS_48,11,1
2,0,17,15,DS_58,12,2
2,0,17,15,DS_87,13,0
2,0,17,15,DS_239,14,1
2,0,17,15,DS_44,15,2
2,0,17,18,DS_139,1,0
2,0,17,18,DS_140,2,1
2,0,17,18,DS_37,3,2
2,0,17,18,DS_38,4,0
2,0,17,18,DS_36,5,1
2,0,17,18,DS_39,6,2
2,0,17,18,DS_235,7,0
2,0,17,18,DS_42,8,1
2,0,17,18,DS_240,9,2
2,0,17,18,DS_246,10,0
2,0,17,18,DS_48,11,1
2,0,17,18,DS_58,12,2
2,0,17,18,DS_87,13,0
2,0,17,18,DS_239,14,1
2,0,17,18,DS_44,15,2
2,0,17,18,DS_59,16,0
2,0,17,18,DS_49,17,1
2,0,17,18,DS_51,18,2
2,1,42,6,DS_235,1,0
2,1,42,6,DS_44,2,1
2,1,42,6,DS_42,3,2
2,1,42,6,DS_39,4,0
2,1,42,6,DS_37,5,1
2,1,42,6,DS_58,6,2
2,1,42,9,DS_235,1,0
2,1,42,9,DS_44,2,1
2,1,42,9,DS_42,3,2
2,1,42,9,DS_39,4,0
2,1,42,9,DS_37,5,1
2,1,42,9,DS_58,6,2
2,1,42,9,DS_59,7,0
2,1,42,9,DS_49,8,1
2,1,42,9,DS_239,9,2
2,1,42,12,DS_235,1,0
2,1,42,12,DS_44,2,1
2,1,42,12,DS_42,3,2
2,1,42,12,DS_39,4,0
2,1,42,12,DS_37,5,1
2,1,42,12,DS_58,6,2
2,1,42,12,DS_59,7,0
2,1,42,12,DS_49,8,1
2,1,42,12,DS_239,9,2
2,1,42,12,DS_51,10,0
2,1,42,12,DS_36,11,1
2,1,42,12,DS_240,12,2
2,1,42,15,DS_235,1,0
2,1,42,15,DS_44,2,1
2,1,42,15,DS_42,3,2
2,1,42,15,DS_39,4,0
2,1,42,15,DS_37,5,1
2,1,42,15,DS_58,6,2
2,1,42,15,DS_59,7,0
2,1,42,15,DS_49,8,1
2,1,42,15,DS_239,9,2
2,1,42,15,DS_51,10,0
2,1,42,15,DS_36,11,1
2,1,42,15,DS_240,12,2
2,1,42,15,DS_48,13,0
2,1,42,15,DS_246,14,1
2,1,42,15,DS_140,15,2
2,1,42,18,DS_235,1,0
2,1,42,18,DS_44,2,1
2,1,42,18,DS_42,3,2
2,1,42,18,DS_39,4,0
2,1,42,18,DS_37,5,1
2,1,42,18,DS_58,6,2
2,1,42,18,DS_59,7,0
2,1,42,18,DS_49,8,1
2,1,42,18,DS_239,9,2
2,1,42,18,DS_51,10,0
2,1,42,18,DS_36,11,1
2,1,42,18,DS_240,12,2
2,1,42,18,DS_48,13,0
2,1,42,18,DS_246,14,1
2,1,42,18,DS_140,15,2
2,1,42,18,DS_87,16,0
2,1,42,18,DS_139,17,1
2,1,42,18,DS_38,18,2
2,2,73,6,DS_37,1,0
2,2,73,6,DS_44,2,1
2,2,73,6,DS_49,3,2
2,2,73,6,DS_51,4,0
2,2,73,6,DS_38,5,1
2,2,73,6,DS_39,6,2
2,2,73,9,DS_37,1,0
2,2,73,9,DS_44,2,1
2,2,73,9,DS_49,3,2
2,2,73,9,DS_51,4,0
2,2,73,9,DS_38,5,1
2,2,73,9,DS_39,6,2
2,2,73,9,DS_246,7,0
2,2,73,9,DS_58,8,1
2,2,73,9,DS_59,9,2
2,2,73,12,DS_37,1,0
2,2,73,12,DS_44,2,1
2,2,73,12,DS_49,3,2
2,2,73,12,DS_51,4,0
2,2,73,12,DS_38,5,1
2,2,73,12,DS_39,6,2
2,2,73,12,DS_246,7,0
2,2,73,12,DS_58,8,1
2,2,73,12,DS_59,9,2
2,2,73,12,DS_48,10,0
2,2,73,12,DS_87,11,1
2,2,73,12,DS_240,12,2
2,2,73,15,DS_37,1,0
2,2,73,15,DS_44,2,1
2,2,73,15,DS_49,3,2
2,2,73,15,DS_51,4,0
2,2,73,15,DS_38,5,1
2,2,73,15,DS_39,6,2
2,2,73,15,DS_246,7,0
2,2,73,15,DS_58,8,1
2,2,73,15,DS_59,9,2
2,2,73,15,DS_48,10,0
2,2,73,15,DS_87,11,1
2,2,73,15,DS_240,12,2
2,2,73,15,DS_140,13,0
2,2,73,15,DS_239,14,1
2,2,73,15,DS_139,15,2
2,2,73,18,DS_37,1,0
2,2,73,18,DS_44,2,1
2,2,73,18,DS_49,3,2
2,2,73,18,DS_51,4,0
2,2,73,18,DS_38,5,1
2,2,73,18,DS_39,6,2
2,2,73,18,DS_246,7,0
2,2,73,18,DS_58,8,1
2,2,73,18,DS_59,9,2
2,2,73,18,DS_48,10,0
2,2,73,18,DS_87,11,1
2,2,73,18,DS_240,12,2
2,2,73,18,DS_140,13,0
2,2,73,18,DS_239,14,1
2,2,73,18,DS_139,15,2
2,2,73,18,DS_235,16,0
2,2,73,18,DS_36,17,1
2,2,73,18,DS_42,18,2
3,0,17,6,DS_139,1,0
3,0,17,6,DS_140,2,1
3,0,17,6,DS_10,3,2
3,0,17,6,DS_246,4,0
3,0,17,6,DS_239,5,1
3,0,17,6,DS_44,6,2
3,0,17,9,DS_139,1,0
3,0,17,9,DS_140,2,1
3,0,17,9,DS_10,3,2
3,0,17,9,DS_246,4,0
3,0,17,9,DS_239,5,1
3,0,17,9,DS_44,6,2
3,0,17,9,DS_48,7,0
3,0,17,9,DS_42,8,1
3,0,17,9,DS_59,9,2
3,0,17,12,DS_139,1,0
3,0,17,12,DS_140,2,1
3,0,17,12,DS_10,3,2
3,0,17,12,DS_246,4,0
3,0,17,12,DS_239,5,1
3,0,17,12,DS_44,6,2
3,0,17,12,DS_48,7,0
3,0,17,12,DS_42,8,1
3,0,17,12,DS_59,9,2
3,0,17,12,DS_138,10,0
3,0,17,12,DS_49,11,1
3,0,17,12,DS_38,12,2
3,0,17,15,DS_139,1,0
3,0,17,15,DS_140,2,1
3,0,17,15,DS_10,3,2
3,0,17,15,DS_246,4,0
3,0,17,15,DS_239,5,1
3,0,17,15,DS_44,6,2
3,0,17,15,DS_48,7,0
3,0,17,15,DS_42,8,1
3,0,17,15,DS_59,9,2
3,0,17,15,DS_138,10,0
3,0,17,15,DS_49,11,1
3,0,17,15,DS_38,12,2
3,0,17,15,DS_87,13,0
3,0,17,15,DS_235,14,1
3,0,17,15,DS_36,15,2
3,0,17,18,DS_139,1,0
3,0,17,18,DS_140,2,1
3,0,17,18,DS_10,3,2
3,0,17,18,DS_246,4,0
3,0,17,18,DS_239,5,1
3,0,17,18,DS_44,6,2
3,0,17,18,DS_48,7,0
3,0,17,18,DS_42,8,1
3,0,17,18,DS_59,9,2
3,0,17,18,DS_138,10,0
3,0,17,18,DS_49,11,1
3,0,17,18,DS_38,12,2
3,0,17,18,DS_87,13,0
3,0,17,18,DS_235,14,1
3,0,17,18,DS_36,15,2
3,0,17,18,DS_39,16,0
3,0,17,18,DS_51,17,1
3,0,17,18,DS_58,18,2
3,1,42,6,DS_138,1,0
3,1,42,6,DS_87,2,1
3,1,42,6,DS_44,3,2
3,1,42,6,DS_38,4,0
3,1,42,6,DS_49,5,1
3,1,42,6,DS_36,6,2
3,1,42,9,DS_138,1,0
3,1,42,9,DS_87,2,1
3,1,42,9,DS_44,3,2
3,1,42,9,DS_38,4,0
3,1,42,9,DS_49,5,1
3,1,42,9,DS_36,6,2
3,1,42,9,DS_48,7,0
3,1,42,9,DS_59,8,1
3,1,42,9,DS_239,9,2
3,1,42,12,DS_138,1,0
3,1,42,12,DS_87,2,1
3,1,42,12,DS_44,3,2
3,1,42,12,DS_38,4,0
3,1,42,12,DS_49,5,1
3,1,42,12,DS_36,6,2
3,1,42,12,DS_48,7,0
3,1,42,12,DS_59,8,1
3,1,42,12,DS_239,9,2
3,1,42,12,DS_139,10,0
3,1,42,12,DS_10,11,1
3,1,42,12,DS_246,12,2
3,1,42,15,DS_138,1,0
3,1,42,15,DS_87,2,1
3,1,42,15,DS_44,3,2
3,1,42,15,DS_38,4,0
3,1,42,15,DS_49,5,1
3,1,42,15,DS_36,6,2
3,1,42,15,DS_48,7,0
3,1,42,15,DS_59,8,1
3,1,42,15,DS_239,9,2
3,1,42,15,DS_139,10,0
3,1,42,15,DS_10,11,1
3,1,42,15,DS_246,12,2
3,1,42,15,DS_51,13,0
3,1,42,15,DS_58,14,1
3,1,42,15,DS_39,15,2
3,1,42,18,DS_138,1,0
3,1,42,18,DS_87,2,1
3,1,42,18,DS_44,3,2
3,1,42,18,DS_38,4,0
3,1,42,18,DS_49,5,1
3,1,42,18,DS_36,6,2
3,1,42,18,DS_48,7,0
3,1,42,18,DS_59,8,1
3,1,42,18,DS_239,9,2
3,1,42,18,DS_139,10,0
3,1,42,18,DS_10,11,1
3,1,42,18,DS_246,12,2
3,1,42,18,DS_51,13,0
3,1,42,18,DS_58,14,1
3,1,42,18,DS_39,15,2
3,1,42,18,DS_42,16,0
3,1,42,18,DS_235,17,1
3,1,42,18,DS_140,18,2
3,2,73,6,DS_87,1,0
3,2,73,6,DS_38,2,1
3,2,73,6,DS_139,3,2
3,2,73,6,DS_235,4,0
3,2,73,6,DS_48,5,1
3,2,73,6,DS_44,6,2
3,2,73,9,DS_87,1,0
3,2,73,9,DS_38,2,1
3,2,73,9,DS_139,3,2
3,2,73,9,DS_235,4,0
3,2,73,9,DS_48,5,1
3,2,73,9,DS_44,6,2
3,2,73,9,DS_39,7,0
3,2,73,9,DS_51,8,1
3,2,73,9,DS_59,9,2
3,2,73,12,DS_87,1,0
3,2,73,12,DS_38,2,1
3,2,73,12,DS_139,3,2
3,2,73,12,DS_235,4,0
3,2,73,12,DS_48,5,1
3,2,73,12,DS_44,6,2
3,2,73,12,DS_39,7,0
3,2,73,12,DS_51,8,1
3,2,73,12,DS_59,9,2
3,2,73,12,DS_42,10,0
3,2,73,12,DS_138,11,1
3,2,73,12,DS_140,12,2
3,2,73,15,DS_87,1,0
3,2,73,15,DS_38,2,1
3,2,73,15,DS_139,3,2
3,2,73,15,DS_235,4,0
3,2,73,15,DS_48,5,1
3,2,73,15,DS_44,6,2
3,2,73,15,DS_39,7,0
3,2,73,15,DS_51,8,1
3,2,73,15,DS_59,9,2
3,2,73,15,DS_42,10,0
3,2,73,15,DS_138,11,1
3,2,73,15,DS_140,12,2
3,2,73,15,DS_10,13,0
3,2,73,15,DS_58,14,1
3,2,73,15,DS_36,15,2
3,2,73,18,DS_87,1,0
3,2,73,18,DS_38,2,1
3,2,73,18,DS_139,3,2
3,2,73,18,DS_235,4,0
3,2,73,18,DS_48,5,1
3,2,73,18,DS_44,6,2
3,2,73,18,DS_39,7,0
3,2,73,18,DS_51,8,1
3,2,73,18,DS_59,9,2
3,2,73,18,DS_42,10,0
3,2,73,18,DS_138,11,1
3,2,73,18,DS_140,12,2
3,2,73,18,DS_10,13,0
3,2,73,18,DS_58,14,1
3,2,73,18,DS_36,15,2
3,2,73,18,DS_239,16,0
3,2,73,18,DS_49,17,1
3,2,73,18,DS_246,18,2
4,0,17,6,DS_59,1,0
4,0,17,6,DS_139,2,1
4,0,17,6,DS_37,3,2
4,0,17,6,DS_140,4,0
4,0,17,6,DS_42,5,1
4,0,17,6,DS_87,6,2
4,0,17,9,DS_59,1,0
4,0,17,9,DS_139,2,1
4,0,17,9,DS_37,3,2
4,0,17,9,DS_140,4,0
4,0,17,9,DS_42,5,1
4,0,17,9,DS_87,6,2
4,0,17,9,DS_240,7,0
4,0,17,9,DS_138,8,1
4,0,17,9,DS_39,9,2
4,0,17,12,DS_59,1,0
4,0,17,12,DS_139,2,1
4,0,17,12,DS_37,3,2
4,0,17,12,DS_140,4,0
4,0,17,12,DS_42,5,1
4,0,17,12,DS_87,6,2
4,0,17,12,DS_240,7,0
4,0,17,12,DS_138,8,1
4,0,17,12,DS_39,9,2
4,0,17,12,DS_48,10,0
4,0,17,12,DS_51,11,1
4,0,17,12,DS_44,12,2
4,0,17,15,DS_59,1,0
4,0,17,15,DS_139,2,1
4,0,17,15,DS_37,3,2
4,0,17,15,DS_140,4,0
4,0,17,15,DS_42,5,1
4,0,17,15,DS_87,6,2
4,0,17,15,DS_240,7,0
4,0,17,15,DS_138,8,1
4,0,17,15,DS_39,9,2
4,0,17,15,DS_48,10,0
4,0,17,15,DS_51,11,1
4,0,17,15,DS_44,12,2
4,0,17,15,DS_235,13,0
4,0,17,15,DS_58,14,1
4,0,17,15,DS_246,15,2
4,0,17,18,DS_59,1,0
4,0,17,18,DS_139,2,1
4,0,17,18,DS_37,3,2
4,0,17,18,DS_140,4,0
4,0,17,18,DS_42,5,1
4,0,17,18,DS_87,6,2
4,0,17,18,DS_240,7,0
4,0,17,18,DS_138,8,1
4,0,17,18,DS_39,9,2
4,0,17,18,DS_48,10,0
4,0,17,18,DS_51,11,1
4,0,17,18,DS_44,12,2
4,0,17,18,DS_235,13,0
4,0,17,18,DS_58,14,1
4,0,17,18,DS_246,15,2
4,0,17,18,DS_239,16,0
4,0,17,18,DS_10,17,1
4,0,17,18,DS_38,18,2
4,1,42,6,DS_139,1,0
4,1,42,6,DS_235,2,1
4,1,42,6,DS_58,3,2
4,1,42,6,DS_239,4,0
4,1,42,6,DS_10,5,1
4,1,42,6,DS_38,6,2
4,1,42,9,DS_139,1,0
4,1,42,9,DS_235,2,1
4,1,42,9,DS_58,3,2
4,1,42,9,DS_239,4,0
4,1,42,9,DS_10,5,1
4,1,42,9,DS_38,6,2
4,1,42,9,DS_246,7,0
4,1,42,9,DS_140,8,1
4,1,42,9,DS_48,9,2
4,1,42,12,DS_139,1,0
4,1,42,12,DS_235,2,1
4,1,42,12,DS_58,3,2
4,1,42,12,DS_239,4,0
4,1,42,12,DS_10,5,1
4,1,42,12,DS_38,6,2
4,1,42,12,DS_246,7,0
4,1,42,12,DS_140,8,1
4,1,42,12,DS_48,9,2
4,1,42,12,DS_240,10,0
4,1,42,12,DS_138,11,1
4,1,42,12,DS_44,12,2
4,1,42,15,DS_139,1,0
4,1,42,15,DS_235,2,1
4,1,42,15,DS_58,3,2
4,1,42,15,DS_239,4,0
4,1,42,15,DS_10,5,1
4,1,42,15,DS_38,6,2
4,1,42,15,DS_246,7,0
4,1,42,15,DS_140,8,1
4,1,42,15,DS_48,9,2
4,1,42,15,DS_240,10,0
4,1,42,15,DS_138,11,1
4,1,42,15,DS_44,12,2
4,1,42,15,DS_39,13,0
4,1,42,15,DS_51,14,1
4,1,42,15,DS_59,15,2
4,1,42,18,DS_139,1,0
4,1,42,18,DS_235,2,1
4,1,42,18,DS_58,3,2
4,1,42,18,DS_239,4,0
4,1,42,18,DS_10,5,1
4,1,42,18,DS_38,6,2
4,1,42,18,DS_246,7,0
4,1,42,18,DS_140,8,1
4,1,42,18,DS_48,9,2
4,1,42,18,DS_240,10,0
4,1,42,18,DS_138,11,1
4,1,42,18,DS_44,12,2
4,1,42,18,DS_39,13,0
4,1,42,18,DS_51,14,1
4,1,42,18,DS_59,15,2
4,1,42,18,DS_87,16,0
4,1,42,18,DS_42,17,1
4,1,42,18,DS_37,18,2
4,2,73,6,DS_51,1,0
4,2,73,6,DS_10,2,1
4,2,73,6,DS_140,3,2
4,2,73,6,DS_38,4,0
4,2,73,6,DS_246,5,1
4,2,73,6,DS_58,6,2
4,2,73,9,DS_51,1,0
4,2,73,9,DS_10,2,1
4,2,73,9,DS_140,3,2
4,2,73,9,DS_38,4,0
4,2,73,9,DS_246,5,1
4,2,73,9,DS_58,6,2
4,2,73,9,DS_39,7,0
4,2,73,9,DS_138,8,1
4,2,73,9,DS_235,9,2
4,2,73,12,DS_51,1,0
4,2,73,12,DS_10,2,1
4,2,73,12,DS_140,3,2
4,2,73,12,DS_38,4,0
4,2,73,12,DS_246,5,1
4,2,73,12,DS_58,6,2
4,2,73,12,DS_39,7,0
4,2,73,12,DS_138,8,1
4,2,73,12,DS_235,9,2
4,2,73,12,DS_240,10,0
4,2,73,12,DS_87,11,1
4,2,73,12,DS_59,12,2
4,2,73,15,DS_51,1,0
4,2,73,15,DS_10,2,1
4,2,73,15,DS_140,3,2
4,2,73,15,DS_38,4,0
4,2,73,15,DS_246,5,1
4,2,73,15,DS_58,6,2
4,2,73,15,DS_39,7,0
4,2,73,15,DS_138,8,1
4,2,73,15,DS_235,9,2
4,2,73,15,DS_240,10,0
4,2,73,15,DS_87,11,1
4,2,73,15,DS_59,12,2
4,2,73,15,DS_37,13,0
4,2,73,15,DS_44,14,1
4,2,73,15,DS_139,15,2
4,2,73,18,DS_51,1,0
4,2,73,18,DS_10,2,1
4,2,73,18,DS_140,3,2
4,2,73,18,DS_38,4,0
4,2,73,18,DS_246,5,1
4,2,73,18,DS_58,6,2
4,2,73,18,DS_39,7,0
4,2,73,18,DS_138,8,1
4,2,73,18,DS_235,9,2
4,2,73,18,DS_240,10,0
4,2,73,18,DS_87,11,1
4,2,73,18,DS_59,12,2
4,2,73,18,DS_37,13,0
4,2,73,18,DS_44,14,1
4,2,73,18,DS_139,15,2
4,2,73,18,DS_48,16,0
4,2,73,18,DS_42,17,1
4,2,73,18,DS_239,18,2
5,0,17,6,DS_37,1,0
5,0,17,6,DS_39,2,1
5,0,17,6,DS_42,3,2
5,0,17,6,DS_36,4,0
5,0,17,6,DS_139,5,1
5,0,17,6,DS_10,6,2
5,0,17,9,DS_37,1,0
5,0,17,9,DS_39,2,1
5,0,17,9,DS_42,3,2
5,0,17,9,DS_36,4,0
5,0,17,9,DS_139,5,1
5,0,17,9,DS_10,6,2
5,0,17,9,DS_58,7,0
5,0,17,9,DS_49,8,1
5,0,17,9,DS_138,9,2
5,0,17,12,DS_37,1,0
5,0,17,12,DS_39,2,1
5,0,17,12,DS_42,3,2
5,0,17,12,DS_36,4,0
5,0,17,12,DS_139,5,1
5,0,17,12,DS_10,6,2
5,0,17,12,DS_58,7,0
5,0,17,12,DS_49,8,1
5,0,17,12,DS_138,9,2
5,0,17,12,DS_44,10,0
5,0,17,12,DS_51,11,1
5,0,17,12,DS_235,12,2
5,0,17,15,DS_37,1,0
5,0,17,15,DS_39,2,1
5,0,17,15,DS_42,3,2
5,0,17,15,DS_36,4,0
5,0,17,15,DS_139,5,1
5,0,17,15,DS_10,6,2
5,0,17,15,DS_58,7,0
5,0,17,15,DS_49,8,1
5,0,17,15,DS_138,9,2
5,0,17,15,DS_44,10,0
5,0,17,15,DS_51,11,1
5,0,17,15,DS_235,12,2
5,0,17,15,DS_140,13,0
5,0,17,15,DS_38,14,1
5,0,17,15,DS_48,15,2
5,0,17,18,DS_37,1,0
5,0,17,18,DS_39,2,1
5,0,17,18,DS_42,3,2
5,0,17,18,DS_36,4,0
5,0,17,18,DS_139,5,1
5,0,17,18,DS_10,6,2
5,0,17,18,DS_58,7,0
5,0,17,18,DS_49,8,1
5,0,17,18,DS_138,9,2
5,0,17,18,DS_44,10,0
5,0,17,18,DS_51,11,1
5,0,17,18,DS_235,12,2
5,0,17,18,DS_140,13,0
5,0,17,18,DS_38,14,1
5,0,17,18,DS_48,15,2
5,0,17,18,DS_59,16,0
5,0,17,18,DS_239,17,1
5,0,17,18,DS_240,18,2
5,1,42,6,DS_48,1,0
5,1,42,6,DS_59,2,1
5,1,42,6,DS_140,3,2
5,1,42,6,DS_44,4,0
5,1,42,6,DS_49,5,1
5,1,42,6,DS_139,6,2
5,1,42,9,DS_48,1,0
5,1,42,9,DS_59,2,1
5,1,42,9,DS_140,3,2
5,1,42,9,DS_44,4,0
5,1,42,9,DS_49,5,1
5,1,42,9,DS_139,6,2
5,1,42,9,DS_239,7,0
5,1,42,9,DS_240,8,1
5,1,42,9,DS_51,9,2
5,1,42,12,DS_48,1,0
5,1,42,12,DS_59,2,1
5,1,42,12,DS_140,3,2
5,1,42,12,DS_44,4,0
5,1,42,12,DS_49,5,1
5,1,42,12,DS_139,6,2
5,1,42,12,DS_239,7,0
5,1,42,12,DS_240,8,1
5,1,42,12,DS_51,9,2
5,1,42,12,DS_235,10,0
5,1,42,12,DS_42,11,1
5,1,42,12,DS_138,12,2
5,1,42,15,DS_48,1,0
5,1,42,15,DS_59,2,1
5,1,42,15,DS_140,3,2
5,1,42,15,DS_44,4,0
5,1,42,15,DS_49,5,1
5,1,42,15,DS_139,6,2
5,1,42,15,DS_239,7,0
5,1,42,15,DS_240,8,1
5,1,42,15,DS_51,9,2
5,1,42,15,DS_235,10,0
5,1,42,15,DS_42,11,1
5,1,42,15,DS_138,12,2
5,1,42,15,DS_36,13,0
5,1,42,15,DS_39,14,1
5,1,42,15,DS_10,15,2
5,1,42,18,DS_48,1,0
5,1,42,18,DS_59,2,1
5,1,42,18,DS_140,3,2
5,1,42,18,DS_44,4,0
5,1,42,18,DS_49,5,1
5,1,42,18,DS_139,6,2
5,1,42,18,DS_239,7,0
5,1,42,18,DS_240,8,1
5,1,42,18,DS_51,9,2
5,1,42,18,DS_235,10,0
5,1,42,18,DS_42,11,1
5,1,42,18,DS_138,12,2
5,1,42,18,DS_36,13,0
5,1,42,18,DS_39,14,1
5,1,42,18,DS_10,15,2
5,1,42,18,DS_37,16,0
5,1,42,18,DS_58,17,1
5,1,42,18,DS_38,18,2
5,2,73,6,DS_37,1,0
5,2,73,6,DS_44,2,1
5,2,73,6,DS_235,3,2
5,2,73,6,DS_38,4,0
5,2,73,6,DS_39,5,1
5,2,73,6,DS_58,6,2
5,2,73,9,DS_37,1,0
5,2,73,9,DS_44,2,1
5,2,73,9,DS_235,3,2
5,2,73,9,DS_38,4,0
5,2,73,9,DS_39,5,1
5,2,73,9,DS_58,6,2
5,2,73,9,DS_51,7,0
5,2,73,9,DS_140,8,1
5,2,73,9,DS_239,9,2
5,2,73,12,DS_37,1,0
5,2,73,12,DS_44,2,1
5,2,73,12,DS_235,3,2
5,2,73,12,DS_38,4,0
5,2,73,12,DS_39,5,1
5,2,73,12,DS_58,6,2
5,2,73,12,DS_51,7,0
5,2,73,12,DS_140,8,1
5,2,73,12,DS_239,9,2
5,2,73,12,DS_240,10,0
5,2,73,12,DS_138,11,1
5,2,73,12,DS_36,12,2
5,2,73,15,DS_37,1,0
5,2,73,15,DS_44,2,1
5,2,73,15,DS_235,3,2
5,2,73,15,DS_38,4,0
5,2,73,15,DS_39,5,1
5,2,73,15,DS_58,6,2
5,2,73,15,DS_51,7,0
5,2,73,15,DS_140,8,1
5,2,73,15,DS_239,9,2
5,2,73,15,DS_240,10,0
5,2,73,15,DS_138,11,1
5,2,73,15,DS_36,12,2
5,2,73,15,DS_139,13,0
5,2,73,15,DS_49,14,1
5,2,73,15,DS_48,15,2
5,2,73,18,DS_37,1,0
5,2,73,18,DS_44,2,1
5,2,73,18,DS_235,3,2
5,2,73,18,DS_38,4,0
5,2,73,18,DS_39,5,1
5,2,73,18,DS_58,6,2
5,2,73,18,DS_51,7,0
5,2,73,18,DS_140,8,1
5,2,73,18,DS_239,9,2
5,2,73,18,DS_240,10,0
5,2,73,18,DS_138,11,1
5,2,73,18,DS_36,12,2
5,2,73,18,DS_139,13,0
5,2,73,18,DS_49,14,1
5,2,73,18,DS_48,15,2
5,2,73,18,DS_59,16,0
5,2,73,18,DS_10,17,1
5,2,73,18,DS_42,18,2
6,0,17,6,DS_39,1,0
6,0,17,6,DS_10,2,1
6,0,17,6,DS_235,3,2
6,0,17,6,DS_240,4,0
6,0,17,6,DS_239,5,1
6,0,17,6,DS_36,6,2
6,0,17,9,DS_39,1,0
6,0,17,9,DS_10,2,1
6,0,17,9,DS_235,3,2
6,0,17,9,DS_240,4,0
6,0,17,9,DS_239,5,1
6,0,17,9,DS_36,6,2
6,0,17,9,DS_59,7,0
6,0,17,9,DS_87,8,1
6,0,17,9,DS_42,9,2
6,0,17,12,DS_39,1,0
6,0,17,12,DS_10,2,1
6,0,17,12,DS_235,3,2
6,0,17,12,DS_240,4,0
6,0,17,12,DS_239,5,1
6,0,17,12,DS_36,6,2
6,0,17,12,DS_59,7,0
6,0,17,12,DS_87,8,1
6,0,17,12,DS_42,9,2
6,0,17,12,DS_51,10,0
6,0,17,12,DS_139,11,1
6,0,17,12,DS_138,12,2
6,0,17,15,DS_39,1,0
6,0,17,15,DS_10,2,1
6,0,17,15,DS_235,3,2
6,0,17,15,DS_240,4,0
6,0,17,15,DS_239,5,1
6,0,17,15,DS_36,6,2
6,0,17,15,DS_59,7,0
6,0,17,15,DS_87,8,1
6,0,17,15,DS_42,9,2
6,0,17,15,DS_51,10,0
6,0,17,15,DS_139,11,1
6,0,17,15,DS_138,12,2
6,0,17,15,DS_44,13,0
6,0,17,15,DS_58,14,1
6,0,17,15,DS_246,15,2
6,0,17,18,DS_39,1,0
6,0,17,18,DS_10,2,1
6,0,17,18,DS_235,3,2
6,0,17,18,DS_240,4,0
6,0,17,18,DS_239,5,1
6,0,17,18,DS_36,6,2
6,0,17,18,DS_59,7,0
6,0,17,18,DS_87,8,1
6,0,17,18,DS_42,9,2
6,0,17,18,DS_51,10,0
6,0,17,18,DS_139,11,1
6,0,17,18,DS_138,12,2
6,0,17,18,DS_44,13,0
6,0,17,18,DS_58,14,1
6,0,17,18,DS_246,15,2
6,0,17,18,DS_37,16,0
6,0,17,18,DS_140,17,1
6,0,17,18,DS_49,18,2
6,1,42,6,DS_39,1,0
6,1,42,6,DS_87,2,1
6,1,42,6,DS_51,3,2
6,1,42,6,DS_138,4,0
6,1,42,6,DS_36,5,1
6,1,42,6,DS_246,6,2
6,1,42,9,DS_39,1,0
6,1,42,9,DS_87,2,1
6,1,42,9,DS_51,3,2
6,1,42,9,DS_138,4,0
6,1,42,9,DS_36,5,1
6,1,42,9,DS_246,6,2
6,1,42,9,DS_59,7,0
6,1,42,9,DS_139,8,1
6,1,42,9,DS_58,9,2
6,1,42,12,DS_39,1,0
6,1,42,12,DS_87,2,1
6,1,42,12,DS_51,3,2
6,1,42,12,DS_138,4,0
6,1,42,12,DS_36,5,1
6,1,42,12,DS_246,6,2
6,1,42,12,DS_59,7,0
6,1,42,12,DS_139,8,1
6,1,42,12,DS_58,9,2
6,1,42,12,DS_240,10,0
6,1,42,12,DS_10,11,1
6,1,42,12,DS_140,12,2
6,1,42,15,DS_39,1,0
6,1,42,15,DS_87,2,1
6,1,42,15,DS_51,3,2
6,1,42,15,DS_138,4,0
6,1,42,15,DS_36,5,1
6,1,42,15,DS_246,6,2
6,1,42,15,DS_59,7,0
6,1,42,15,DS_139,8,1
6,1,42,15,DS_58,9,2
6,1,42,15,DS_240,10,0
6,1,42,15,DS_10,11,1
6,1,42,15,DS_140,12,2
6,1,42,15,DS_42,13,0
6,1,42,15,DS_239,14,1
6,1,42,15,DS_235,15,2
6,1,42,18,DS_39,1,0
6,1,42,18,DS_87,2,1
6,1,42,18,DS_51,3,2
6,1,42,18,DS_138,4,0
6,1,42,18,DS_36,5,1
6,1,42,18,DS_246,6,2
6,1,42,18,DS_59,7,0
6,1,42,18,DS_139,8,1
6,1,42,18,DS_58,9,2
6,1,42,18,DS_240,10,0
6,1,42,18,DS_10,11,1
6,1,42,18,DS_140,12,2
6,1,42,18,DS_42,13,0
6,1,42,18,DS_239,14,1
6,1,42,18,DS_235,15,2
6,1,42,18,DS_44,16,0
6,1,42,18,DS_37,17,1
6,1,42,18,DS_49,18,2
6,2,73,6,DS_36,1,0
6,2,73,6,DS_10,2,1
6,2,73,6,DS_42,3,2
6,2,73,6,DS_240,4,0
6,2,73,6,DS_246,5,1
6,2,73,6,DS_49,6,2
6,2,73,9,DS_36,1,0
6,2,73,9,DS_10,2,1
6,2,73,9,DS_42,3,2
6,2,73,9,DS_240,4,0
6,2,73,9,DS_246,5,1
6,2,73,9,DS_49,6,2
6,2,73,9,DS_58,7,0
6,2,73,9,DS_59,8,1
6,2,73,9,DS_51,9,2
6,2,73,12,DS_36,1,0
6,2,73,12,DS_10,2,1
6,2,73,12,DS_42,3,2
6,2,73,12,DS_240,4,0
6,2,73,12,DS_246,5,1
6,2,73,12,DS_49,6,2
6,2,73,12,DS_58,7,0
6,2,73,12,DS_59,8,1
6,2,73,12,DS_51,9,2
6,2,73,12,DS_37,10,0
6,2,73,12,DS_239,11,1
6,2,73,12,DS_44,12,2
6,2,73,15,DS_36,1,0
6,2,73,15,DS_10,2,1
6,2,73,15,DS_42,3,2
6,2,73,15,DS_240,4,0
6,2,73,15,DS_246,5,1
6,2,73,15,DS_49,6,2
6,2,73,15,DS_58,7,0
6,2,73,15,DS_59,8,1
6,2,73,15,DS_51,9,2
6,2,73,15,DS_37,10,0
6,2,73,15,DS_239,11,1
6,2,73,15,DS_44,12,2
6,2,73,15,DS_39,13,0
6,2,73,15,DS_87,14,1
6,2,73,15,DS_138,15,2
6,2,73,18,DS_36,1,0
6,2,73,18,DS_10,2,1
6,2,73,18,DS_42,3,2
6,2,73,18,DS_240,4,0
6,2,73,18,DS_246,5,1
6,2,73,18,DS_49,6,2
6,2,73,18,DS_58,7,0
6,2,73,18,DS_59,8,1
6,2,73,18,DS_51,9,2
6,2,73,18,DS_37,10,0
6,2,73,18,DS_239,11,1
6,2,73,18,DS_44,12,2
6,2,73,18,DS_39,13,0
6,2,73,18,DS_87,14,1
6,2,73,18,DS_138,15,2
6,2,73,18,DS_235,16,0
6,2,73,18,DS_139,17,1
6,2,73,18,DS_140,18,2
7,0,17,6,DS_49,1,0
7,0,17,6,DS_87,2,1
7,0,17,6,DS_246,3,2
7,0,17,6,DS_58,4,0
7,0,17,6,DS_42,5,1
7,0,17,6,DS_235,6,2
7,0,17,9,DS_49,1,0
7,0,17,9,DS_87,2,1
7,0,17,9,DS_246,3,2
7,0,17,9,DS_58,4,0
7,0,17,9,DS_42,5,1
7,0,17,9,DS_235,6,2
7,0,17,9,DS_39,7,0
7,0,17,9,DS_38,8,1
7,0,17,9,DS_140,9,2
7,0,17,12,DS_49,1,0
7,0,17,12,DS_87,2,1
7,0,17,12,DS_246,3,2
7,0,17,12,DS_58,4,0
7,0,17,12,DS_42,5,1
7,0,17,12,DS_235,6,2
7,0,17,12,DS_39,7,0
7,0,17,12,DS_38,8,1
7,0,17,12,DS_140,9,2
7,0,17,12,DS_51,10,0
7,0,17,12,DS_10,11,1
7,0,17,12,DS_240,12,2
7,0,17,15,DS_49,1,0
7,0,17,15,DS_87,2,1
7,0,17,15,DS_246,3,2
7,0,17,15,DS_58,4,0
7,0,17,15,DS_42,5,1
7,0,17,15,DS_235,6,2
7,0,17,15,DS_39,7,0
7,0,17,15,DS_38,8,1
7,0,17,15,DS_140,9,2
7,0,17,15,DS_51,10,0
7,0,17,15,DS_10,11,1
7,0,17,15,DS_240,12,2
7,0,17,15,DS_59,13,0
7,0,17,15,DS_138,14,1
7,0,17,15,DS_44,15,2
7,0,17,18,DS_49,1,0
7,0,17,18,DS_87,2,1
7,0,17,18,DS_246,3,2
7,0,17,18,DS_58,4,0
7,0,17,18,DS_42,5,1
7,0,17,18,DS_235,6,2
7,0,17,18,DS_39,7,0
7,0,17,18,DS_38,8,1
7,0,17,18,DS_140,9,2
7,0,17,18,DS_51,10,0
7,0,17,18,DS_10,11,1
7,0,17,18,DS_240,12,2
7,0,17,18,DS_59,13,0
7,0,17,18,DS_138,14,1
7,0,17,18,DS_44,15,2
7,0,17,18,DS_37,16,0
7,0,17,18,DS_36,17,1
7,0,17,18,DS_48,18,2
7,1,42,6,DS_87,1,0
7,1,42,6,DS_59,2,1
7,1,42,6,DS_10,3,2
7,1,42,6,DS_48,4,0
7,1,42,6,DS_36,5,1
7,1,42,6,DS_37,6,2
7,1,42,9,DS_87,1,0
7,1,42,9,DS_59,2,1
7,1,42,9,DS_10,3,2
7,1,42,9,DS_48,4,0
7,1,42,9,DS_36,5,1
7,1,42,9,DS_37,6,2
7,1,42,9,DS_140,7,0
7,1,42,9,DS_42,8,1
7,1,42,9,DS_240,9,2
7,1,42,12,DS_87,1,0
7,1,42,12,DS_59,2,1
7,1,42,12,DS_10,3,2
7,1,42,12,DS_48,4,0
7,1,42,12,DS_36,5,1
7,1,42,12,DS_37,6,2
7,1,42,12,DS_140,7,0
7,1,42,12,DS_42,8,1
7,1,42,12,DS_240,9,2
7,1,42,12,DS_58,10,0
7,1,42,12,DS_51,11,1
7,1,42,12,DS_49,12,2
7,1,42,15,DS_87,1,0
7,1,42,15,DS_59,2,1
7,1,42,15,DS_10,3,2
7,1,42,15,DS_48,4,0
7,1,42,15,DS_36,5,1
7,1,42,15,DS_37,6,2
7,1,42,15,DS_140,7,0
7,1,42,15,DS_42,8,1
7,1,42,15,DS_240,9,2
7,1,42,15,DS_58,10,0
7,1,42,15,DS_51,11,1
7,1,42,15,DS_49,12,2
7,1,42,15,DS_38,13,0
7,1,42,15,DS_138,14,1
7,1,42,15,DS_39,15,2
7,1,42,18,DS_87,1,0
7,1,42,18,DS_59,2,1
7,1,42,18,DS_10,3,2
7,1,42,18,DS_48,4,0
7,1,42,18,DS_36,5,1
7,1,42,18,DS_37,6,2
7,1,42,18,DS_140,7,0
7,1,42,18,DS_42,8,1
7,1,42,18,DS_240,9,2
7,1,42,18,DS_58,10,0
7,1,42,18,DS_51,11,1
7,1,42,18,DS_49,12,2
7,1,42,18,DS_38,13,0
7,1,42,18,DS_138,14,1
7,1,42,18,DS_39,15,2
7,1,42,18,DS_44,16,0
7,1,42,18,DS_235,17,1
7,1,42,18,DS_246,18,2
7,2,73,6,DS_38,1,0
7,2,73,6,DS_87,2,1
7,2,73,6,DS_37,3,2
7,2,73,6,DS_10,4,0
7,2,73,6,DS_36,5,1
7,2,73,6,DS_42,6,2
7,2,73,9,DS_38,1,0
7,2,73,9,DS_87,2,1
7,2,73,9,DS_37,3,2
7,2,73,9,DS_10,4,0
7,2,73,9,DS_36,5,1
7,2,73,9,DS_42,6,2
7,2,73,9,DS_58,7,0
7,2,73,9,DS_235,8,1
7,2,73,9,DS_138,9,2
7,2,73,12,DS_38,1,0
7,2,73,12,DS_87,2,1
7,2,73,12,DS_37,3,2
7,2,73,12,DS_10,4,0
7,2,73,12,DS_36,5,1
7,2,73,12,DS_42,6,2
7,2,73,12,DS_58,7,0
7,2,73,12,DS_235,8,1
7,2,73,12,DS_138,9,2
7,2,73,12,DS_140,10,0
7,2,73,12,DS_44,11,1
7,2,73,12,DS_240,12,2
7,2,73,15,DS_38,1,0
7,2,73,15,DS_87,2,1
7,2,73,15,DS_37,3,2
7,2,73,15,DS_10,4,0
7,2,73,15,DS_36,5,1
7,2,73,15,DS_42,6,2
7,2,73,15,DS_58,7,0
7,2,73,15,DS_235,8,1
7,2,73,15,DS_138,9,2
7,2,73,15,DS_140,10,0
7,2,73,15,DS_44,11,1
7,2,73,15,DS_240,12,2
7,2,73,15,DS_39,13,0
7,2,73,15,DS_246,14,1
7,2,73,15,DS_48,15,2
7,2,73,18,DS_38,1,0
7,2,73,18,DS_87,2,1
7,2,73,18,DS_37,3,2
7,2,73,18,DS_10,4,0
7,2,73,18,DS_36,5,1
7,2,73,18,DS_42,6,2
7,2,73,18,DS_58,7,0
7,2,73,18,DS_235,8,1
7,2,73,18,DS_138,9,2
7,2,73,18,DS_140,10,0
7,2,73,18,DS_44,11,1
7,2,73,18,DS_240,12,2
7,2,73,18,DS_39,13,0
7,2,73,18,DS_246,14,1
7,2,73,18,DS_48,15,2
7,2,73,18,DS_49,16,0
7,2,73,18,DS_59,17,1
7,2,73,18,DS_51,18,2
8,0,17,6,DS_138,1,0
8,0,17,6,DS_48,2,1
8,0,17,6,DS_246,3,2
8,0,17,6,DS_140,4,0
8,0,17,6,DS_239,5,1
8,0,17,6,DS_38,6,2
8,0,17,9,DS_138,1,0
8,0,17,9,DS_48,2,1
8,0,17,9,DS_246,3,2
8,0,17,9,DS_140,4,0
8,0,17,9,DS_239,5,1
8,0,17,9,DS_38,6,2
8,0,17,9,DS_36,7,0
8,0,17,9,DS_235,8,1
8,0,17,9,DS_139,9,2
8,0,17,12,DS_138,1,0
8,0,17,12,DS_48,2,1
8,0,17,12,DS_246,3,2
8,0,17,12,DS_140,4,0
8,0,17,12,DS_239,5,1
8,0,17,12,DS_38,6,2
8,0,17,12,DS_36,7,0
8,0,17,12,DS_235,8,1
8,0,17,12,DS_139,9,2
8,0,17,12,DS_58,10,0
8,0,17,12,DS_51,11,1
8,0,17,12,DS_44,12,2
8,0,17,15,DS_138,1,0
8,0,17,15,DS_48,2,1
8,0,17,15,DS_246,3,2
8,0,17,15,DS_140,4,0
8,0,17,15,DS_239,5,1
8,0,17,15,DS_38,6,2
8,0,17,15,DS_36,7,0
8,0,17,15,DS_235,8,1
8,0,17,15,DS_139,9,2
8,0,17,15,DS_58,10,0
8,0,17,15,DS_51,11,1
8,0,17,15,DS_44,12,2
8,0,17,15,DS_87,13,0
8,0,17,15,DS_49,14,1
8,0,17,15,DS_37,15,2
8,0,17,18,DS_138,1,0
8,0,17,18,DS_48,2,1
8,0,17,18,DS_246,3,2
8,0,17,18,DS_140,4,0
8,0,17,18,DS_239,5,1
8,0,17,18,DS_38,6,2
8,0,17,18,DS_36,7,0
8,0,17,18,DS_235,8,1
8,0,17,18,DS_139,9,2
8,0,17,18,DS_58,10,0
8,0,17,18,DS_51,11,1
8,0,17,18,DS_44,12,2
8,0,17,18,DS_87,13,0
8,0,17,18,DS_49,14,1
8,0,17,18,DS_37,15,2
8,0,17,18,DS_42,16,0
8,0,17,18,DS_10,17,1
8,0,17,18,DS_240,18,2
8,1,42,6,DS_49,1,0
8,1,42,6,DS_42,2,1
8,1,42,6,DS_240,3,2
8,1,42,6,DS_48,4,0
8,1,42,6,DS_10,5,1
8,1,42,6,DS_58,6,2
8,1,42,9,DS_49,1,0
8,1,42,9,DS_42,2,1
8,1,42,9,DS_240,3,2
8,1,42,9,DS_48,4,0
8,1,42,9,DS_10,5,1
8,1,42,9,DS_58,6,2
8,1,42,9,DS_235,7,0
8,1,42,9,DS_138,8,1
8,1,42,9,DS_87,9,2
8,1,42,12,DS_49,1,0
8,1,42,12,DS_42,2,1
8,1,42,12,DS_240,3,2
8,1,42,12,DS_48,4,0
8,1,42,12,DS_10,5,1
8,1,42,12,DS_58,6,2
8,1,42,12,DS_235,7,0
8,1,42,12,DS_138,8,1
8,1,42,12,DS_87,9,2
8,1,42,12,DS_51,10,0
8,1,42,12,DS_36,11,1
8,1,42,12,DS_140,12,2
8,1,42,15,DS_49,1,0
8,1,42,15,DS_42,2,1
8,1,42,15,DS_240,3,2
8,1,42,15,DS_48,4,0
8,1,42,15,DS_10,5,1
8,1,42,15,DS_58,6,2
8,1,42,15,DS_235,7,0
8,1,42,15,DS_138,8,1
8,1,42,15,DS_87,9,2
8,1,42,15,DS_51,10,0
8,1,42,15,DS_36,11,1
8,1,42,15,DS_140,12,2
8,1,42,15,DS_139,13,0
8,1,42,15,DS_239,14,1
8,1,42,15,DS_246,15,2
8,1,42,18,DS_49,1,0
8,1,42,18,DS_42,2,1
8,1,42,18,DS_240,3,2
8,1,42,18,DS_48,4,0
8,1,42,18,DS_10,5,1
8,1,42,18,DS_58,6,2
8,1,42,18,DS_235,7,0
8,1,42,18,DS_138,8,1
8,1,42,18,DS_87,9,2
8,1,42,18,DS_51,10,0
8,1,42,18,DS_36,11,1
8,1,42,18,DS_140,12,2
8,1,42,18,DS_139,13,0
8,1,42,18,DS_239,14,1
8,1,42,18,DS_246,15,2
8,1,42,18,DS_38,16,0
8,1,42,18,DS_44,17,1
8,1,42,18,DS_37,18,2
8,2,73,6,DS_239,1,0
8,2,73,6,DS_140,2,1
8,2,73,6,DS_246,3,2
8,2,73,6,DS_37,4,0
8,2,73,6,DS_87,5,1
8,2,73,6,DS_38,6,2
8,2,73,9,DS_239,1,0
8,2,73,9,DS_140,2,1
8,2,73,9,DS_246,3,2
8,2,73,9,DS_37,4,0
8,2,73,9,DS_87,5,1
8,2,73,9,DS_38,6,2
8,2,73,9,DS_235,7,0
8,2,73,9,DS_36,8,1
8,2,73,9,DS_44,9,2
8,2,73,12,DS_239,1,0
8,2,73,12,DS_140,2,1
8,2,73,12,DS_246,3,2
8,2,73,12,DS_37,4,0
8,2,73,12,DS_87,5,1
8,2,73,12,DS_38,6,2
8,2,73,12,DS_235,7,0
8,2,73,12,DS_36,8,1
8,2,73,12,DS_44,9,2
8,2,73,12,DS_49,10,0
8,2,73,12,DS_42,11,1
8,2,73,12,DS_10,12,2
8,2,73,15,DS_239,1,0
8,2,73,15,DS_140,2,1
8,2,73,15,DS_246,3,2
8,2,73,15,DS_37,4,0
8,2,73,15,DS_87,5,1
8,2,73,15,DS_38,6,2
8,2,73,15,DS_235,7,0
8,2,73,15,DS_36,8,1
8,2,73,15,DS_44,9,2
8,2,73,15,DS_49,10,0
8,2,73,15,DS_42,11,1
8,2,73,15,DS_10,12,2
8,2,73,15,DS_48,13,0
8,2,73,15,DS_139,14,1
8,2,73,15,DS_51,15,2
8,2,73,18,DS_239,1,0
8,2,73,18,DS_140,2,1
8,2,73,18,DS_246,3,2
8,2,73,18,DS_37,4,0
8,2,73,18,DS_87,5,1
8,2,73,18,DS_38,6,2
8,2,73,18,DS_235,7,0
8,2,73,18,DS_36,8,1
8,2,73,18,DS_44,9,2
8,2,73,18,DS_49,10,0
8,2,73,18,DS_42,11,1
8,2,73,18,DS_10,12,2
8,2,73,18,DS_48,13,0
8,2,73,18,DS_139,14,1
8,2,73,18,DS_51,15,2
8,2,73,18,DS_240,16,0
8,2,73,18,DS_138,17,1
8,2,73,18,DS_58,18,2
9,0,17,6,DS_59,1,0
9,0,17,6,DS_138,2,1
9,0,17,6,DS_38,3,2
9,0,17,6,DS_139,4,0
9,0,17,6,DS_48,5,1
9,0,17,6,DS_240,6,2
9,0,17,9,DS_59,1,0
9,0,17,9,DS_138,2,1
9,0,17,9,DS_38,3,2
9,0,17,9,DS_139,4,0
9,0,17,9,DS_48,5,1
9,0,17,9,DS_240,6,2
9,0,17,9,DS_246,7,0
9,0,17,9,DS_51,8,1
9,0,17,9,DS_44,9,2
9,0,17,12,DS_59,1,0
9,0,17,12,DS_138,2,1
9,0,17,12,DS_38,3,2
9,0,17,12,DS_139,4,0
9,0,17,12,DS_48,5,1
9,0,17,12,DS_240,6,2
9,0,17,12,DS_246,7,0
9,0,17,12,DS_51,8,1
9,0,17,12,DS_44,9,2
9,0,17,12,DS_87,10,0
9,0,17,12,DS_37,11,1
9,0,17,12,DS_10,12,2
9,0,17,15,DS_59,1,0
9,0,17,15,DS_138,2,1
9,0,17,15,DS_38,3,2
9,0,17,15,DS_139,4,0
9,0,17,15,DS_48,5,1
9,0,17,15,DS_240,6,2
9,0,17,15,DS_246,7,0
9,0,17,15,DS_51,8,1
9,0,17,15,DS_44,9,2
9,0,17,15,DS_87,10,0
9,0,17,15,DS_37,11,1
9,0,17,15,DS_10,12,2
9,0,17,15,DS_36,13,0
9,0,17,15,DS_58,14,1
9,0,17,15,DS_39,15,2
9,0,17,18,DS_59,1,0
9,0,17,18,DS_138,2,1
9,0,17,18,DS_38,3,2
9,0,17,18,DS_139,4,0
9,0,17,18,DS_48,5,1
9,0,17,18,DS_240,6,2
9,0,17,18,DS_246,7,0
9,0,17,18,DS_51,8,1
9,0,17,18,DS_44,9,2
9,0,17,18,DS_87,10,0
9,0,17,18,DS_37,11,1
9,0,17,18,DS_10,12,2
9,0,17,18,DS_36,13,0
9,0,17,18,DS_58,14,1
9,0,17,18,DS_39,15,2
9,0,17,18,DS_239,16,0
9,0,17,18,DS_235,17,1
9,0,17,18,DS_49,18,2
9,1,42,6,DS_58,1,0
9,1,42,6,DS_49,2,1
9,1,42,6,DS_59,3,2
9,1,42,6,DS_51,4,0
9,1,42,6,DS_139,5,1
9,1,42,6,DS_36,6,2
9,1,42,9,DS_58,1,0
9,1,42,9,DS_49,2,1
9,1,42,9,DS_59,3,2
9,1,42,9,DS_51,4,0
9,1,42,9,DS_139,5,1
9,1,42,9,DS_36,6,2
9,1,42,9,DS_235,7,0
9,1,42,9,DS_37,8,1
9,1,42,9,DS_10,9,2
9,1,42,12,DS_58,1,0
9,1,42,12,DS_49,2,1
9,1,42,12,DS_59,3,2
9,1,42,12,DS_51,4,0
9,1,42,12,DS_139,5,1
9,1,42,12,DS_36,6,2
9,1,42,12,DS_235,7,0
9,1,42,12,DS_37,8,1
9,1,42,12,DS_10,9,2
9,1,42,12,DS_246,10,0
9,1,42,12,DS_38,11,1
9,1,42,12,DS_239,12,2
9,1,42,15,DS_58,1,0
9,1,42,15,DS_49,2,1
9,1,42,15,DS_59,3,2
9,1,42,15,DS_51,4,0
9,1,42,15,DS_139,5,1
9,1,42,15,DS_36,6,2
9,1,42,15,DS_235,7,0
9,1,42,15,DS_37,8,1
9,1,42,15,DS_10,9,2
9,1,42,15,DS_246,10,0
9,1,42,15,DS_38,11,1
9,1,42,15,DS_239,12,2
9,1,42,15,DS_39,13,0
9,1,42,15,DS_240,14,1
9,1,42,15,DS_44,15,2
9,1,42,18,DS_58,1,0
9,1,42,18,DS_49,2,1
9,1,42,18,DS_59,3,2
9,1,42,18,DS_51,4,0
9,1,42,18,DS_139,5,1
9,1,42,18,DS_36,6,2
9,1,42,18,DS_235,7,0
9,1,42,18,DS_37,8,1
9,1,42,18,DS_10,9,2
9,1,42,18,DS_246,10,0
9,1,42,18,DS_38,11,1
9,1,42,18,DS_239,12,2
9,1,42,18,DS_39,13,0
9,1,42,18,DS_240,14,1
9,1,42,18,DS_44,15,2
9,1,42,18,DS_138,16,0
9,1,42,18,DS_87,17,1
9,1,42,18,DS_48,18,2
9,2,73,6,DS_38,1,0
9,2,73,6,DS_240,2,1
9,2,73,6,DS_235,3,2
9,2,73,6,DS_44,4,0
9,2,73,6,DS_48,5,1
9,2,73,6,DS_49,6,2
9,2,73,9,DS_38,1,0
9,2,73,9,DS_240,2,1
9,2,73,9,DS_235,3,2
9,2,73,9,DS_44,4,0
9,2,73,9,DS_48,5,1
9,2,73,9,DS_49,6,2
9,2,73,9,DS_37,7,0
9,2,73,9,DS_39,8,1
9,2,73,9,DS_87,9,2
9,2,73,12,DS_38,1,0
9,2,73,12,DS_240,2,1
9,2,73,12,DS_235,3,2
9,2,73,12,DS_44,4,0
9,2,73,12,DS_48,5,1
9,2,73,12,DS_49,6,2
9,2,73,12,DS_37,7,0
9,2,73,12,DS_39,8,1
9,2,73,12,DS_87,9,2
9,2,73,12,DS_138,10,0
9,2,73,12,DS_36,11,1
9,2,73,12,DS_58,12,2
9,2,73,15,DS_38,1,0
9,2,73,15,DS_240,2,1
9,2,73,15,DS_235,3,2
9,2,73,15,DS_44,4,0
9,2,73,15,DS_48,5,1
9,2,73,15,DS_49,6,2
9,2,73,15,DS_37,7,0
9,2,73,15,DS_39,8,1
9,2,73,15,DS_87,9,2
9,2,73,15,DS_138,10,0
9,2,73,15,DS_36,11,1
9,2,73,15,DS_58,12,2
9,2,73,15,DS_51,13,0
9,2,73,15,DS_139,14,1
9,2,73,15,DS_10,15,2
9,2,73,18,DS_38,1,0
9,2,73,18,DS_240,2,1
9,2,73,18,DS_235,3,2
9,2,73,18,DS_44,4,0
9,2,73,18,DS_48,5,1
9,2,73,18,DS_49,6,2
9,2,73,18,DS_37,7,0
9,2,73,18,DS_39,8,1
9,2,73,18,DS_87,9,2
9,2,73,18,DS_138,10,0
9,2,73,18,DS_36,11,1
9,2,73,18,DS_58,12,2
9,2,73,18,DS_51,13,0
9,2,73,18,DS_139,14,1
9,2,73,18,DS_10,15,2
9,2,73,18,DS_246,16,0
9,2,73,18,DS_59,17,1
9,2,73,18,DS_239,18,2
