outer_fold,participant_id,role
0,DS_10,train_pool
0,DS_36,train_pool
0,DS_37,train_pool
0,DS_38,train_pool
0,DS_39,train_pool
0,DS_42,train_pool
0,DS_44,test
0,DS_48,train_pool
0,DS_49,train_pool
0,DS_51,train_pool
0,DS_58,train_pool
0,DS_59,train_pool
0,DS_87,train_pool
0,DS_138,train_pool
0,DS_139,train_pool
0,DS_140,train_pool
0,DS_235,test
0,DS_239,train_pool
0,DS_240,train_pool
0,DS_246,train_pool
1,DS_10,train_pool
1,DS_36,train_pool
1,DS_37,train_pool
1,DS_38,train_pool
1,DS_39,train_pool
1,DS_42,train_pool
1,DS_44,train_pool
1,DS_48,train_pool
1,DS_49,train_pool
1,DS_51,test
1,DS_58,test
1,DS_59,train_pool
1,DS_87,train_pool
1,DS_138,train_pool
1,DS_139,train_pool
1,DS_140,train_pool
1,DS_235,train_pool
1,DS_239,train_pool
1,DS_240,train_pool
1,DS_246,train_pool
2,DS_10,test
2,DS_36,train_pool
2,DS_37,train_pool
2,DS_38,train_pool
2,DS_39,train_pool
2,DS_42,train_pool
2,DS_44,train_pool
2,DS_48,train_pool
2,DS_49,train_pool
2,DS_51,train_pool
2,DS_58,train_pool
2,DS_59,train_pool
2,DS_87,train_pool
2,DS_138,test
2,DS_139,train_pool
2,DS_140,train_pool
2,DS_235,train_pool
2,DS_239,train_pool
2,DS_240,train_pool
2,DS_246,train_pool
3,DS_10,train_pool
3,DS_36,train_pool
3,DS_37,test
3,DS_38,train_pool
3,DS_39,train_pool
3,DS_42,train_pool
3,DS_44,train_pool
3,DS_48,train_pool
3,DS_49,train_pool
3,DS_51,train_pool
3,DS_58,train_pool
3,DS_59,train_pool
3,DS_87,train_pool
3,DS_138,train_pool
3,DS_139,train_pool
3,DS_140,train_pool
3,DS_235,train_pool
3,DS_239,train_pool
3,DS_240,test
3,DS_246,train_pool
4,DS_10,train_pool
4,DS_36,test
4,DS_37,train_pool
4,DS_38,train_pool
4,DS_39,train_pool
4,DS_42,train_pool
4,DS_44,train_pool
4,DS_48,train_pool
4,DS_49,test
4,DS_51,train_pool
4,DS_58,train_pool
4,DS_59,train_pool
4,DS_87,train_pool
4,DS_138,train_pool
4,DS_139,train_pool
4,DS_140,train_pool
4,DS_235,train_pool
4,DS_239,train_pool
4,DS_240,train_pool
4,DS_246,train_pool
5,DS_10,train_pool
5,DS_36,train_pool
5,DS_37,train_pool
5,DS_38,train_pool
5,DS_39,train_pool
5,DS_42,train_pool
5,DS_44,train_pool
5,DS_48,train_pool
5,DS_49,train_pool
5,DS_51,train_pool
5,DS_58,train_pool
5,DS_59,train_pool
5,DS_87,test
5,DS_138,train_pool
5,DS_139,train_pool
5,DS_140,train_pool
5,DS_235,train_pool
5,DS_239,train_pool
5,DS_240,train_pool
5,DS_246,test
6,DS_10,train_pool
6,DS_36,train_pool
6,DS_37,train_pool
6,DS_38,test
6,DS_39,train_pool
6,DS_42,train_pool
6,DS_44,train_pool
6,DS_48,test
6,DS_49,train_pool
6,DS_51,train_pool
6,DS_58,train_pool
6,DS_59,train_pool
6,DS_87,train_pool
6,DS_138,train_pool
6,DS_139,train_pool
6,DS_140,train_pool
6,DS_235,train_pool
6,DS_239,train_pool
6,DS_240,train_pool
6,DS_246,train_pool
7,DS_10,train_pool
7,DS_36,train_pool
7,DS_37,train_pool
7,DS_38,train_pool
7,DS_39,train_pool
7,DS_42,train_pool
7,DS_44,train_pool
7,DS_48,train_pool
7,DS_49,train_pool
7,DS_51,train_pool
7,DS_58,train_pool
7,DS_59,train_pool
7,DS_87,train_pool
7,DS_138,train_pool
7,DS_139,test
7,DS_140,train_pool
7,DS_235,train_pool
7,DS_239,test
7,DS_240,train_pool
7,DS_246,train_pool
8,DS_10,train_pool
8,DS_36,train_pool
8,DS_37,train_pool
8,DS_38,train_pool
8,DS_39,test
8,DS_42,train_pool
8,DS_44,train_pool
8,DS_48,train_pool
8,DS_49,train_pool
8,DS_51,train_pool
8,DS_58,train_pool
8,DS_59,test
8,DS_87,train_pool
8,DS_138,train_pool
8,DS_139,train_pool
8,DS_140,train_pool
8,DS_235,train_pool
8,DS_239,train_pool
8,DS_240,train_pool
8,DS_246,train_pool
9,DS_10,train_pool
9,DS_36,train_pool
9,DS_37,train_pool
9,DS_38,train_pool
9,DS_39,train_pool
9,DS_42,test
9,DS_44,train_pool
9,DS_48,train_pool
9,DS_49,train_pool
9,DS_51,train_pool
9,DS_58,train_pool
9,DS_59,train_pool
9,DS_87,train_pool
9,DS_138,train_pool
9,DS_139,train_pool
9,DS_140,test
9,DS_235,train_pool
9,DS_239,train_pool
9,DS_240,train_pool
9,DS_246,train_pool
